con_id,profile_api
JonGeorge,https://api.github.com/users/JonGeorge/repos
teddyphotos,https://api.github.com/users/teddyphotos/repos
Arnabbiswas1999,https://api.github.com/users/Arnabbiswas1999/repos
Ahrman,https://api.github.com/users/Ahrman/repos
NomadicDaggy,https://api.github.com/users/NomadicDaggy/repos
sturteva,https://api.github.com/users/sturteva/repos
Alekya,https://api.github.com/users/Alekya/repos
omriutal,https://api.github.com/users/omriutal/repos
smpss92118,https://api.github.com/users/smpss92118/repos
yusufsn,https://api.github.com/users/yusufsn/repos
Harfeur,https://api.github.com/users/Harfeur/repos
JeremiahKamama,https://api.github.com/users/JeremiahKamama/repos
keithhnrtech,https://api.github.com/users/keithhnrtech/repos
karosuo,https://api.github.com/users/karosuo/repos
olanetsoft,https://api.github.com/users/olanetsoft/repos
Journeyman92,https://api.github.com/users/Journeyman92/repos
Justinkhado,https://api.github.com/users/Justinkhado/repos
aditya1001001,https://api.github.com/users/aditya1001001/repos
filipe-q,https://api.github.com/users/filipe-q/repos
mrwillbarnz,https://api.github.com/users/mrwillbarnz/repos
ckit,https://api.github.com/users/ckit/repos
Linus41,https://api.github.com/users/Linus41/repos
ahmadshalabi,https://api.github.com/users/ahmadshalabi/repos
flowingcreyes,https://api.github.com/users/flowingcreyes/repos
blondie12,https://api.github.com/users/blondie12/repos
Chirag161198,https://api.github.com/users/Chirag161198/repos
SamyakHacker,https://api.github.com/users/SamyakHacker/repos
rymasc,https://api.github.com/users/rymasc/repos
Bviveksingh,https://api.github.com/users/Bviveksingh/repos
thomca,https://api.github.com/users/thomca/repos
Sam-Devs,https://api.github.com/users/Sam-Devs/repos
marcowen20,https://api.github.com/users/marcowen20/repos
povilaspetkevicius,https://api.github.com/users/povilaspetkevicius/repos
maanizfar,https://api.github.com/users/maanizfar/repos
lere01,https://api.github.com/users/lere01/repos
L-Bolz,https://api.github.com/users/L-Bolz/repos
cannes0206,https://api.github.com/users/cannes0206/repos
Tegaguru,https://api.github.com/users/Tegaguru/repos
Gerjunior,https://api.github.com/users/Gerjunior/repos
JChunX,https://api.github.com/users/JChunX/repos
HausCloud,https://api.github.com/users/HausCloud/repos
Chigael,https://api.github.com/users/Chigael/repos
jameswsj10,https://api.github.com/users/jameswsj10/repos
alaztetik,https://api.github.com/users/alaztetik/repos
steelvelveteen,https://api.github.com/users/steelvelveteen/repos
Kazky28,https://api.github.com/users/Kazky28/repos
daganomri,https://api.github.com/users/daganomri/repos
duhongmei,https://api.github.com/users/duhongmei/repos
mformihir,https://api.github.com/users/mformihir/repos
trashytop,https://api.github.com/users/trashytop/repos
Motii1,https://api.github.com/users/Motii1/repos
mianjazibali,https://api.github.com/users/mianjazibali/repos
mcaubrey,https://api.github.com/users/mcaubrey/repos
Syntax753,https://api.github.com/users/Syntax753/repos
Nmassman,https://api.github.com/users/Nmassman/repos
tonywu1999,https://api.github.com/users/tonywu1999/repos
hassan11196,https://api.github.com/users/hassan11196/repos
urkle,https://api.github.com/users/urkle/repos
bernardogarza,https://api.github.com/users/bernardogarza/repos
NobleTyler,https://api.github.com/users/NobleTyler/repos
AleksanderAlt,https://api.github.com/users/AleksanderAlt/repos
claucvk,https://api.github.com/users/claucvk/repos
ayoubmehd,https://api.github.com/users/ayoubmehd/repos
kochix2,https://api.github.com/users/kochix2/repos
matthew-bradford,https://api.github.com/users/matthew-bradford/repos
UgurcanAkkok,https://api.github.com/users/UgurcanAkkok/repos
cmembrez,https://api.github.com/users/cmembrez/repos
jessica,https://api.github.com/users/jessica/repos
Mahalinoro,https://api.github.com/users/Mahalinoro/repos
roshan-raj,https://api.github.com/users/roshan-raj/repos
QI-XING,https://api.github.com/users/QI-XING/repos
irshimul,https://api.github.com/users/irshimul/repos
Oner-T,https://api.github.com/users/Oner-T/repos
Coolchirutha,https://api.github.com/users/Coolchirutha/repos
rahilhusain55,https://api.github.com/users/rahilhusain55/repos
bnbong,https://api.github.com/users/bnbong/repos
Tmwaddel,https://api.github.com/users/Tmwaddel/repos
Sheena,https://api.github.com/users/Sheena/repos
Centicus1000,https://api.github.com/users/Centicus1000/repos
cgobbet,https://api.github.com/users/cgobbet/repos
petremihaivalentin,https://api.github.com/users/petremihaivalentin/repos
rauleb,https://api.github.com/users/rauleb/repos
abitoguna,https://api.github.com/users/abitoguna/repos
shraddha319,https://api.github.com/users/shraddha319/repos
bbsusheelkumar,https://api.github.com/users/bbsusheelkumar/repos
JamieVaughn,https://api.github.com/users/JamieVaughn/repos
Wiredoverload,https://api.github.com/users/Wiredoverload/repos
WonjunChun,https://api.github.com/users/WonjunChun/repos
studiozandra,https://api.github.com/users/studiozandra/repos
Manas173,https://api.github.com/users/Manas173/repos
indraakkk,https://api.github.com/users/indraakkk/repos
AbsMechanik,https://api.github.com/users/AbsMechanik/repos
Kajal-11,https://api.github.com/users/Kajal-11/repos
AmbiTyga,https://api.github.com/users/AmbiTyga/repos
AnirudhSriram,https://api.github.com/users/AnirudhSriram/repos
ahmdkla,https://api.github.com/users/ahmdkla/repos
HasikaDilshani,https://api.github.com/users/HasikaDilshani/repos
Sanderjson,https://api.github.com/users/Sanderjson/repos
Brandon-Escobar,https://api.github.com/users/Brandon-Escobar/repos
takakd,https://api.github.com/users/takakd/repos
Modise50,https://api.github.com/users/Modise50/repos
fponsar,https://api.github.com/users/fponsar/repos
hurali97,https://api.github.com/users/hurali97/repos
q,https://api.github.com/users/q/repos
afshimono,https://api.github.com/users/afshimono/repos
dzhidex,https://api.github.com/users/dzhidex/repos
renjujv,https://api.github.com/users/renjujv/repos
jkimuli,https://api.github.com/users/jkimuli/repos
MrNobody1166,https://api.github.com/users/MrNobody1166/repos
ashlyn,https://api.github.com/users/ashlyn/repos
boraxpr,https://api.github.com/users/boraxpr/repos
bellafsr,https://api.github.com/users/bellafsr/repos
fcpimenta,https://api.github.com/users/fcpimenta/repos
ankitdobhal,https://api.github.com/users/ankitdobhal/repos
sarahab23,https://api.github.com/users/sarahab23/repos
nfavareto,https://api.github.com/users/nfavareto/repos
Robdunn,https://api.github.com/users/Robdunn/repos
wschenkel,https://api.github.com/users/wschenkel/repos
AE0L,https://api.github.com/users/AE0L/repos
ritikkanotra,https://api.github.com/users/ritikkanotra/repos
rhuthmos,https://api.github.com/users/rhuthmos/repos
ahmadsyafrudin,https://api.github.com/users/ahmadsyafrudin/repos
greenhandatsjtu,https://api.github.com/users/greenhandatsjtu/repos
pradeep-017,https://api.github.com/users/pradeep-017/repos
dewanhimanshu,https://api.github.com/users/dewanhimanshu/repos
NomanAbdullah,https://api.github.com/users/NomanAbdullah/repos
aerlaut,https://api.github.com/users/aerlaut/repos
SriNandan33,https://api.github.com/users/SriNandan33/repos
snowsanta,https://api.github.com/users/snowsanta/repos
nikhosagala,https://api.github.com/users/nikhosagala/repos
tegarjgap,https://api.github.com/users/tegarjgap/repos
Hard-Coder05,https://api.github.com/users/Hard-Coder05/repos
promise,https://api.github.com/users/promise/repos
ivaibhavkr,https://api.github.com/users/ivaibhavkr/repos
GouthamSurendran,https://api.github.com/users/GouthamSurendran/repos
pikadev,https://api.github.com/users/pikadev/repos
Arghasarkar,https://api.github.com/users/Arghasarkar/repos
Blazer-007,https://api.github.com/users/Blazer-007/repos
bofalke,https://api.github.com/users/bofalke/repos
dga,https://api.github.com/users/dga/repos
ramanujamgond,https://api.github.com/users/ramanujamgond/repos
tezansahu,https://api.github.com/users/tezansahu/repos
SirTediousOfFoo,https://api.github.com/users/SirTediousOfFoo/repos
Artutstuts,https://api.github.com/users/Artutstuts/repos
colmanfranco,https://api.github.com/users/colmanfranco/repos
irazirfan,https://api.github.com/users/irazirfan/repos
tonycheang,https://api.github.com/users/tonycheang/repos
vibu267,https://api.github.com/users/vibu267/repos
Stefan-krstikj,https://api.github.com/users/Stefan-krstikj/repos
nestorsgarzonc,https://api.github.com/users/nestorsgarzonc/repos
romonteiro,https://api.github.com/users/romonteiro/repos
silvasobrinho,https://api.github.com/users/silvasobrinho/repos
Bcaruthers,https://api.github.com/users/Bcaruthers/repos
CristianCantilloDg,https://api.github.com/users/CristianCantilloDg/repos
okpoEkpenyong,https://api.github.com/users/okpoEkpenyong/repos
skt1598,https://api.github.com/users/skt1598/repos
jhonatanoc96,https://api.github.com/users/jhonatanoc96/repos
ehmsu,https://api.github.com/users/ehmsu/repos
Lyndic,https://api.github.com/users/Lyndic/repos
infrony,https://api.github.com/users/infrony/repos
Sibuscus,https://api.github.com/users/Sibuscus/repos
romeyb76,https://api.github.com/users/romeyb76/repos
moinak878,https://api.github.com/users/moinak878/repos
secondW4ve,https://api.github.com/users/secondW4ve/repos
kayub007,https://api.github.com/users/kayub007/repos
5hel2l2y,https://api.github.com/users/5hel2l2y/repos
Sky0023,https://api.github.com/users/Sky0023/repos
stephanedreyfus,https://api.github.com/users/stephanedreyfus/repos
aryaanlambe,https://api.github.com/users/aryaanlambe/repos
mwatson128,https://api.github.com/users/mwatson128/repos
AlexVJack,https://api.github.com/users/AlexVJack/repos
cayorodrigues,https://api.github.com/users/cayorodrigues/repos
debubz,https://api.github.com/users/debubz/repos
shubhambattoo,https://api.github.com/users/shubhambattoo/repos
valdaarhun,https://api.github.com/users/valdaarhun/repos
PabonSEC,https://api.github.com/users/PabonSEC/repos
mirfanrafif,https://api.github.com/users/mirfanrafif/repos
AnonProductions,https://api.github.com/users/AnonProductions/repos
aninditkarmakar,https://api.github.com/users/aninditkarmakar/repos
mujeex,https://api.github.com/users/mujeex/repos
talk2sohail,https://api.github.com/users/talk2sohail/repos
ylruiz,https://api.github.com/users/ylruiz/repos
maximilianotulian,https://api.github.com/users/maximilianotulian/repos
masterashu,https://api.github.com/users/masterashu/repos
DflowGoBlue,https://api.github.com/users/DflowGoBlue/repos
Jade-Oliveira,https://api.github.com/users/Jade-Oliveira/repos
BrayanCaro,https://api.github.com/users/BrayanCaro/repos
Joseph7695,https://api.github.com/users/Joseph7695/repos
ba-nyar-naing,https://api.github.com/users/ba-nyar-naing/repos
Prissad,https://api.github.com/users/Prissad/repos
PerceptionD,https://api.github.com/users/PerceptionD/repos
RayanXY,https://api.github.com/users/RayanXY/repos
adrianbranescu,https://api.github.com/users/adrianbranescu/repos
vanstevesoftware,https://api.github.com/users/vanstevesoftware/repos
jenia90,https://api.github.com/users/jenia90/repos
ioannis-toumboglou,https://api.github.com/users/ioannis-toumboglou/repos
lyndonpanton,https://api.github.com/users/lyndonpanton/repos
kvenkman,https://api.github.com/users/kvenkman/repos
shreyaspj20,https://api.github.com/users/shreyaspj20/repos
AyushNSUT,https://api.github.com/users/AyushNSUT/repos